business_name,category,address,city,state,phone,maps_url,website_status,confirmed,source_batch,notes,place_geoid
Clark Auto Body & Frame,Auto body shop,"3522 Market St, Hannibal, MO 63401",Hannibal,MO,(573) 221-5505,https://www.google.com/maps/search/?api=1&query=Clark+Auto+Body+%26+Frame+3522+Market+St+Hannibal+MO,no_website,likely,sample8,"Independent collision/frame shop. MapQuest listing has phone and address but no Website button (unlike nearby Hannibal shops that do). Multiple directories (Yellow Pages Directory, missouri.repair-auto.org) list website as unknown/absent. Web search found no official .com/.net. Google Maps search URL constructed from name+address; GBP website field could not be opened directly (Maps is JS-only without API).",2930214
Miller Plumbing,Plumber,"10076 Old 79, Hannibal, MO 63401",Hannibal,MO,(573) 221-6913,https://www.google.com/maps/place/?q=place_id:ChIJe9r33snn3YcRg2sd4cVEWvI,no_website,yes,sample8,Strongest Hannibal confirmation: Google Place ID ChIJe9r33snn3YcRg2sd4cVEWvI (OpenGovNY Google Places dump). Birdeye aggregates 7 Google reviews and no other site. Yellow Pages lists it with phone/address. Web search found no official company site (other Miller Plumbing .coms are different cities). Some 2026 Yelp snippets say closed; included because GBP/Place ID still exists. Could not click the Maps website button without API.,2930214
Auto Beauty Shop (listed on review aggregators as The Beauty Shop),Auto body shop,"2001 AL Highway 14 E, Selma, AL 36703",Selma,AL,(334) 872-2248,https://www.google.com/maps/search/?api=1&query=Auto+Beauty+Shop+2001+Al+Highway+14+E+Selma+AL,no_website,yes,sample8,Birdeye profile shows 25 Google reviews (plus Facebook/Insider Pages) and no company website. MapQuest listing has Call but no Website button. Yellow Pages listing exists. Web search found no official .com/.net. Name on Google/Birdeye sometimes appears as The Beauty Shop; same address/category.,0169120
Bolden's Paint & Body (also listed as Bolden's Auto Services),Auto body shop,"600 Roosevelt St, Selma, AL 36701",Selma,AL,(334) 875-3326,https://www.google.com/maps/search/?api=1&query=Bolden%27s+Paint+%26+Body+600+Roosevelt+St+Selma+AL,facebook_only,yes,sample8,MapQuest listing has phone/address and no Website button. Loc8NearMe/LocalityBiz show Google-style hours and customer reviews. Yellow Pages listing. Web search found no official company website. Facebook-only presence would still count as no company website.,0169120
Frank Milhouse Auto Repair,Auto repair,"218 Cahaba Rd, Selma, AL 36701",Selma,AL,(334) 419-4155,https://www.google.com/maps/search/?api=1&query=Frank+Milhouse+Auto+Repair+218+Cahaba+Rd+Selma+AL,no_website,likely,sample8,"MapQuest listing (Infogroup/Foursquare) has address and no Website button. Yellow Pages and automobile101 directory listings with no site. Web search found no official .com/.net. Independent, not a chain.",0169120
Johnson Paint & Body Shop,Auto body shop,"1814 Selma Ave, Selma, AL 36703",Selma,AL,(334) 872-6332,https://www.google.com/maps/search/?api=1&query=Johnson+Paint+%26+Body+Shop+1814+Selma+Ave+Selma+AL,no_website,likely,sample8,Loc8NearMe listing (Google-sourced hours/reviews/photos pattern) has no website field. Yellow Pages listing. Web search found no official company site. Recent 2024-2025 reviews indicate it is still operating.,0169120
Turner Body Frame & Paint Work,Auto body shop,"1800 AL Highway 14 E, Selma, AL 36703",Selma,AL,(334) 872-6201,https://www.google.com/maps/search/?api=1&query=Turner+Body+Frame+%26+Paint+Work+1800+Al+Highway+14+E+Selma+AL,no_website,likely,sample8,Yellow Pages listing notably had no Website button while neighboring Selma shops did. Directories list phone/address only. Web search found no official website. Maps listing inferred from name+address search URL and YP/Maps-adjacent directories; GBP panel not opened.,0169120
Jerry's Automotive Service,Auto repair,"1248 Marine Dr, Astoria, OR 97103",Astoria,OR,(503) 325-9166,https://www.google.com/maps/search/?api=1&query=Jerry%27s+Automotive+Service+1248+Marine+Dr+Astoria+OR,no_website,yes,sample8,"Yelp business page exists (jerrys-automotive-service-astoria) with map pin at 1248 Marine Dr; snippet showed phone/address/hours and no website link (contrast with Hannibal shops whose Yelp pages do show a site). Yellow Pages and Hubbiz listings have no official URL. Web search found no Astoria company .com (jerrysservicecenterne.com is Norfolk, NE). Independent shop.",4103150
"Neal Baeten Autobody, Inc.",Auto body shop,"92094 Youngs River Rd, Astoria, OR 97103",Astoria,OR,(503) 325-4172,https://www.google.com/maps/search/?api=1&query=Neal+Baeten+Autobody+92094+Youngs+River+Rd+Astoria+OR,no_website,likely,sample8,"Listed on Astoria/Old Oregon chamber directory with hours and services, no company website. Yellow Pages listing. Web search found no official .com/.net. Collision shop, locally owned since ~1994. Maps URL is name+address search.",4103150
Bob's Auto Repair,Auto repair,"135 Old Norway Dr, Bar Harbor, ME 04609",Bar Harbor,ME,(207) 288-9344,https://www.google.com/maps/search/?api=1&query=Bob%27s+Auto+Repair+135+Old+Norway+Dr+Bar+Harbor+ME,no_website,likely,sample8,"Yellow Pages listing with street address. Job board and business directories list owner Robert Davis Jr and a second shop at 32A Holland Ave; no company website in any result (web site unknown on maine.auto-us.org for related downtown listing). Not to be confused with Bar Harbor Auto Stop, which is linked to barharborinfo.com (chamber/directory, not a shop site). Independent.",2302830
Bar Harbor Barbershop,Barber shop,"286 Main St, Bar Harbor, ME 04609",Bar Harbor,ME,(207) 702-5038,https://www.google.com/maps/search/?api=1&query=Bar+Harbor+Barbershop+286+Main+St+Bar+Harbor+ME,no_website,likely,sample8,"Appears in Maps-adjacent landing pages (edan.io generated profile with 8 reviews and lat/lng). No first-party .com/.net found; edan.io is a third-party generated page, not a company website. Facebook/Yelp would also not count as a company site. Independent Main Street barber, not a chain.",2302830
Bernal's Body Shop,Auto body shop,"104 S Sixth St, Gallup, NM 87301",Gallup,NM,(505) 863-5671,https://www.google.com/maps/search/?api=1&query=Bernal%27s+Body+Shop+104+S+Sixth+St+Gallup+NM,no_website,likely,sample8,"Third-party profile explicitly states 'No Website Listed / No Social Accounts Added'. Yellow Pages and AllPages listings with phone/address only. Established ~1982, independent. Web search found no official site. Alternate phone 505-879-7998 appears on one directory.",3528460
Dearmond Body Shop,Auto body shop,"710 S Second St, Gallup, NM 87301",Gallup,NM,(505) 863-6049,https://www.google.com/maps/search/?api=1&query=Dearmond+Body+Shop+710+S+Second+St+Gallup+NM,no_website,likely,sample8,"Yellow Pages, AllPages, DirectoryPlus, and automobile101 listings; none publish a company website. Web search found no official .com/.net. Independent body/truck repair shop. Maps URL is name+address search.",3528460
Richards Auto Shop,Auto repair,"801 W Wilson Ave, Gallup, NM 87301",Gallup,NM,(505) 722-6547,https://www.google.com/maps/search/?api=1&query=Richards+Auto+Shop+801+W+Wilson+Ave+Gallup+NM,no_website,yes,sample8,"Loc8NearMe page has Google-style hours (Mon-Fri 8am-6pm, Sat 8am-12pm) and 2024-2025 customer reviews, no website. Yellow Pages listing. Web search found no official company site. Independent family shop (reviewers mention staff by first name).",3528460
Alvey's Automotive,Auto repair,"2344 New Holt Rd, Paducah, KY 42001",Paducah,KY,(270) 554-7434,https://www.google.com/maps/search/?api=1&query=Alvey%27s+Automotive+2344+New+Holt+Rd+Paducah+KY,no_website,likely,sample8,MapQuest and LocalityBiz listings with address/phone and no Website button. Listed on Openbay/Wheree as a local shop. Web search found no official company website. Independent (reviews name owner Morris). Not a chain.,2158836
Leneave's Automotive Repair,Auto repair,"1023 S 21st St, Paducah, KY 42003",Paducah,KY,(270) 444-7925,https://www.google.com/maps/search/?api=1&query=Leneave%27s+Automotive+Repair+1023+S+21st+St+Paducah+KY,no_website,likely,sample8,"Yellow Pages listing with a Yelp-style review. kentucky.repair-auto.org lists web site: unknown, owner Don Leneave. Web search found no official .com/.net. Independent. Maps GBP website field not opened directly.",2158836
Randles Auto Repair,Auto repair,"3129 Broadway St, Paducah, KY 42001",Paducah,KY,(270) 442-2774,https://www.google.com/maps/search/?api=1&query=Randles+Auto+Repair+3129+Broadway+St+Paducah+KY,no_website,likely,sample8,"Yellow Pages listing. Directory dump lists manager Floyd Randles and web site: unknown. Web search found no official company site. Independent, not a chain. Maps confirmation is name+address search URL plus YP presence.",2158836
EQ Muffler (also listed as E Q Muffler / Muffler E Q),Muffler / exhaust / auto repair,"250 W Hampton St, Marquette, MI 49855",Marquette,MI,(906) 226-2131,https://www.google.com/maps/search/?api=1&query=EQ+Muffler+250+W+Hampton+St+Marquette+MI,no_website,likely,sample8,"MapQuest place page shows hours and Call/Share but no Website button. Yellow Pages (Muffler E Q, 86 years in business) and Hubbiz/411.info listings have no company URL. One aggregator cites ~3.8 stars / 10 Yelp reviews. Established ~1940, independent. Web search found no official site.",2651900
Soapy & Sons,Auto body shop,"1210 S Front St, Marquette, MI 49855",Marquette,MI,(906) 228-7680,https://www.google.com/maps/search/?api=1&query=Soapy+%26+Sons+1210+S+Front+St+Marquette+MI,no_website,likely,sample8,Yellow Pages listing with customer reviews (custom/collision paint). Hubbiz/AllPages listings have no website. Alternate address 1208 S Front St on one directory (adjacent). Web search found no official .com/.net. Independent.,2651900
Alaska Barber Shop,Barber shop,"305 Eagle Ave, Fairbanks, AK 99701",Fairbanks,AK,(907) 452-2459,https://www.google.com/maps/search/?api=1&query=Alaska+Barber+Shop+305+Eagle+Ave+Fairbanks+AK,facebook_only,yes,sample8,"WhoDoYou local pack shows Google-style hours and a Google Knowledge Graph link (g.co/kgs/...). Deseret News/AP profile of owner Mike Ricci. Search synthesis: listed on Google Maps/Yelp/Apple Maps; Facebook page exists; no dedicated company website. Facebook is not a company website. Independent, not a chain.",0224230
Alaska We Tow & Auto Repair,Towing / auto repair,"3807 Leasure St #B, Fairbanks, AK 99701",Fairbanks,AK,(907) 455-9640,https://www.google.com/maps/search/?api=1&query=Alaska+We+Tow+%26+Auto+Repair+3807+Leasure+St+Fairbanks+AK,no_website,likely,sample8,"Listed in multiple Fairbanks directories with owner Michelle Munro, founded ~1999, 1-4 employees. Directory pages have empty website field. Web search found no official .com/.net. Maps listing inferred from name+address; fewer Google-review aggregators than the barber shop, so GBP presence is less strongly proven than Miller Plumbing / Auto Beauty Shop.",0224230
Pack Horse Liquor Convenience,shop:convenience,95 Sherman Street,Deadwood,SD,+1 605-578-2479,https://www.google.com/maps/search/?api=1&query=Pack%20Horse%20Liquor%20and%20Convenience%2C%2095%20Sherman%20St%2C%20Deadwood%2C%20SD,no_website,yes,batch1,On Waze/local maps and deadwood.com directory. No company domain; chamber page is not a website.,4615700
Chris Cuts It,shop:hairdresser,138 Sherman Street,Deadwood,SD,605-578-1010,https://www.google.com/maps/search/?api=1&query=Chris%20Cuts%20It%2C%20138%20Sherman%20St%2C%20Deadwood%2C%20SD,no_website,likely,batch1,OSM + us-locations/directory listings at 138 Sherman. No company website in search.,4615700
Scarlet Tavern,amenity:pub,326 Harrison Avenue,Leadville,CO,,https://www.google.com/maps/search/?api=1&query=Scarlet%20Tavern%2C%20326%20Harrison%20Ave%2C%20Leadville%2C%20CO,facebook_only,yes,batch1,Visit Leadville listing with Google Map pin. Facebook/social only; no dedicated company site.,0844320
Casa Blanca Restaurant,amenity:restaurant,118 E 2nd Street,Leadville,CO,719-486-9969,https://www.google.com/maps/search/?api=1&query=Casa%20Blanca%20Restaurant%2C%20118%20E%202nd%20St%2C%20Leadville%2C%20CO,facebook_only,yes,batch1,Family-owned since 1975. Tourism listing + Facebook. No independent company website found.,0844320
Sea J's Cafe,amenity:cafe,2501 Washington Street,Port Townsend,WA,360-385-6312,https://www.google.com/maps/search/?api=1&query=Sea%20J%27s%20Cafe%2C%202501%20Washington%20St%2C%20Port%20Townsend%2C%20WA,no_website,yes,batch1,Seattle Magazine: 'It doesn't even have a website.' Apple Maps + Yelp (~176 reviews). OSM had no website tag.,5355855
Jim's Barber Shop,shop:hairdresser,211 Polk Street,Port Townsend,WA,+1 360-385-2266,https://www.google.com/maps/search/?api=1&query=Jim%27s%20Barber%20Shop%2C%20211%20Polk%20St%2C%20Port%20Townsend%2C%20WA,no_website,yes,batch1,MapQuest + Nextdoor listing. No company website in search.,5355855
Deanna's Hair Design,shop:hairdresser,213 Polk Street,Port Townsend,WA,360-385-2810,https://www.google.com/maps/search/?api=1&query=Deanna%27s%20Hair%20Design%2C%20Port%20Townsend%2C%20WA,no_website,likely,batch1,OSM hairdresser; local map/directory hits only. No company website found.,5355855
Big Wave Burritos,amenity:restaurant,605 Lafayette Street,Cape May,NJ,,https://www.google.com/maps/search/?api=1&query=Big%20Wave%20Burritos%2C%20Cape%20May%2C%20NJ,facebook_only,likely,batch1,OSM candidate. Public presence is Facebook (facebook.com/BigWaveBurritos). No company website found.,3410270
Michael's SALON,shop:hairdresser,2121 Boundary Street #107,Beaufort,SC,843-524-6555,https://www.google.com/maps/search/?api=1&query=Michael%27s%20Salon%2C%202121%20Boundary%20St%2C%20Beaufort%2C%20SC,no_website,yes,batch1,"Yelp + Fresha booking page (aggregator, not a company site). No owned domain found.",4504690
Isa's African Hair Braiding,shop:hairdresser,2265 Boundary Street #A,Beaufort,SC,843-379-3335,https://www.google.com/maps/search/?api=1&query=Isa%27s%20African%20Hair%20Braiding%2C%202265%20Boundary%20St%2C%20Beaufort%2C%20SC,no_website,yes,batch1,MapQuest local listing. No company website in search.,4504690
Best Nails,shop:beauty,2127 Boundary Street Ste 9,Beaufort,SC,+1 843-521-4688,https://www.google.com/maps/search/?api=1&query=Best%20Nails%2C%202127%20Boundary%20St%2C%20Beaufort%2C%20SC,no_website,yes,batch1,"MapQuest/Yelp listing. 'Website' on MapQuest is locality.com directory, not a company site.",4504690
Foxy Nail,shop:beauty,860 Parris Island Gateway #C3,Beaufort,SC,,https://www.google.com/maps/search/?api=1&query=Foxy%20Nail%2C%20860%20Parris%20Island%20Gateway%2C%20Beaufort%2C%20SC,no_website,likely,batch1,MapQuest listing. Unrelated foxynails.net is Kansas City. No Beaufort company site found.,4504690
The Donut Shop,amenity:cafe,501 John R. Junkin Drive,Natchez,MS,601-442-2317,https://www.google.com/maps/search/?api=1&query=The%20Donut%20Shop%2C%20501%20John%20R%20Junkin%20Dr%2C%20Natchez%2C%20MS,no_website,yes,batch1,Visit Natchez + MS health-dept record. No company website; tourism page is not a site.,2850440
Abyss Tattoo,shop:tattoo,12 1/2 South Main Street,Eureka Springs,AR,+1 479-253-5520,https://www.google.com/maps/search/?api=1&query=Abyss%20Tattoo%2C%2012%20S%20Main%20St%2C%20Eureka%20Springs%2C%20AR,no_website,yes,batch1,MapQuest/Yelp listing. MapQuest 'website' is tattooparlorreviews.com directory.,0522240
Missy's White Rabbit Lounge,amenity:bar,19 1/2 Spring Street,Eureka Springs,AR,479-265-7100,https://www.google.com/maps/search/?api=1&query=Missy%27s%20White%20Rabbit%20Lounge%2C%2019%201/2%20Spring%20St%2C%20Eureka%20Springs%2C%20AR,facebook_only,yes,batch1,MapQuest lists facebook.com/missyswhiterabbit as the only site. No company domain.,0522240
B-Side Cafe,amenity:cafe,121 Spring Street,Eureka Springs,AR,+1 573-777-2088,https://www.google.com/maps/search/?api=1&query=B-Side%20Cafe%2C%20121%20Spring%20St%2C%20Eureka%20Springs%2C%20AR,no_website,yes,batch1,Visit Eureka Springs listing has an empty Website field. Counter cafe inside MoJo's Records.,0522240
Eureka Daily Roast,amenity:cafe,27 Spring Street,Eureka Springs,AR,+1 479-253-2229,https://www.google.com/maps/search/?api=1&query=Eureka%20Daily%20Roast%2C%2027%20Spring%20St%2C%20Eureka%20Springs%2C%20AR,no_website,likely,batch1,Long-running local roastery. Travel blogs/Facebook; no owned company domain found.,0522240
Doc's Automotive,shop:car_repair,523 Paseo Del Pueblo Sur,Taos,NM,,https://www.google.com/maps/search/?api=1&query=Doc%27s%20Automotive%2C%20Taos%2C%20NM,no_website,yes,batch1,MapQuest local listing (hours Mon-Fri 9-5). No company website in search.,3576200
Ed Newberg Service,shop:car_repair,688 Indian River Road,Sitka,AK,,https://www.google.com/maps/search/?api=1&query=Ed%20Newberg%20Service%2C%20688%20Indian%20River%20Rd%2C%20Sitka%2C%20AK,no_website,likely,batch1,OSM around Sitka centroid missed downtown. MapQuest listing; no company website found.,0270540
Poh's Corner Pub,amenity:pub,164 N 3rd Avenue,Sturgeon Bay,WI,,https://www.google.com/maps/search/?api=1&query=Poh%27s%20Corner%20Pub%2C%20164%20N%203rd%20Ave%2C%20Sturgeon%20Bay%2C%20WI,no_website,yes,batch1,40-year local dive (Door County Pulse). No company website in search.,5577875
Dolly's Coin Laundry,amenity:laundry,39 North Washington Street,Gettysburg,PA,+1 717-337-3539,https://www.google.com/maps/search/?api=1&query=Dolly%27s%20Wash%20House%2C%2039%20N%20Washington%20St%2C%20Gettysburg%2C%20PA,no_website,yes,batch1,Also listed as Dolly's Wash House. Yelp/MapQuest. 'Website' is finduslocal.com directory.,4228960
Locke Studios Tattoo and Piercing,shop:tattoo,12 Baltimore Street,Gettysburg,PA,717-398-2241,https://www.google.com/maps/search/?api=1&query=Locke%20Studios%20Tattoo%20and%20Piercing%2C%2012%20Baltimore%20St%2C%20Gettysburg%2C%20PA,no_website,likely,batch1,Gettysburg Connection directory. No company website found.,4228960
Don Licho's Tire Shop,shop:tyres,843 AZ-92,Bisbee,AZ,520-727-1911,https://www.google.com/maps/place/?q=place_id:ChIJe5UaCqO10IYRRHhudDjiQIw,no_website,yes,batch1,Waze/Google place_id ChIJe5UaCqO10IYRRHhudDjiQIw. Birdeye cites a negocio.site GBP page (not a company website).,0406260
San Jose Laundry & Coffee Shop,amenity:laundry,1326 W Highway 92,Bisbee,AZ,+1 520-432-9148,https://www.google.com/maps/search/?api=1&query=Bisbee%20Laundry%20%26%20Cafe%2C%201326%20W%20Highway%2092%2C%20Bisbee%2C%20AZ,no_website,yes,batch1,MapQuest as Bisbee Laundry & Cafe. No website link on the listing; no company domain found.,0406260
Carnell's Restaurant,amenity:restaurant,105 W John C Stennis Dr,Louisville,MS,662-705-0495,https://www.google.com/maps/search/?api=1&query=Carnell%27s%20Restaurant%2C%20105%20W%20John%20C%20Stennis%20Dr%2C%20Louisville%2C%20MS,facebook_only,yes,batch2,MapQuest listing; website field is facebook.com/carnellsrestaurant. MS health-dept record open. Chamber page is not a company site.,2842280
Heard's Collision and Repair Center,shop:car_repair,16127 W Main St,Louisville,MS,662-773-9971,https://www.google.com/maps/search/?api=1&query=Heard%27s%20Collision%20Repair%2C%2016127%20W%20Main%20St%2C%20Louisville%2C%20MS,no_website,yes,batch2,MapQuest local listing (hours). Directories only; no company domain found.,2842280
Raspberry Beret,shop:second_hand,503 N Church Ave,Louisville,MS,662-437-9000,https://www.google.com/maps/search/?api=1&query=Raspberry%20Beret%2C%20503%20N%20Church%20Ave%2C%20Louisville%2C%20MS,no_website,yes,batch2,Consignment shop (OSM tagged hairdresser). MapQuest listing. CMac.ws Website: N/A. raspberryberet.us is a different Cambridge MA chain. Facebook exists but is not a company site.,2842280
El Rodeo Mexican Restaurant,amenity:restaurant,417 N Church Ave #A,Louisville,MS,662-773-9222,https://www.google.com/maps/search/?api=1&query=El%20Rodeo%20Mexican%20Restaurant%2C%20417%20N%20Church%20Ave%2C%20Louisville%2C%20MS,no_website,yes,batch2,"MapQuest listing. elrodeomexicanrestaurant.com is a Pennsylvania chain, not this shop. Chamber listing has no company site.",2842280
Bulldog Cleaners,shop:dry_cleaning,501 N Church Ave,Louisville,MS,662-773-7367,https://www.google.com/maps/place/?q=place_id:ChIJ35_N-fdegYgR6eL548xN9ts,no_website,yes,batch2,Google Place ID ChIJ35_N-fdegYgR6eL548xN9ts. MapQuest listing with no company website.,2842280
Western Auto & Appliance,shop:hardware,16211 W Main St,Louisville,MS,662-773-6291,https://www.google.com/maps/search/?api=1&query=Western%20Auto%20%26%20Appliance%2C%2016211%20W%20Main%20St%2C%20Louisville%2C%20MS,facebook_only,yes,batch2,Independent leftover Western Auto store (Husqvarna dealer). MapQuest listing. Public presence is facebook.com/westernautolouisville; no owned domain.,2842280
D & D Repair,shop:car_repair,513 W Watson St,Lewistown,MT,406-535-5323,https://www.google.com/maps/search/?api=1&query=D%20%26%20D%20Repair%2C%20513%20W%20Watson%20St%2C%20Lewistown%2C%20MT,no_website,yes,batch2,OSM around centroid missed this shop. MapQuest listing (MQ 'website' is unrelated wheelingeyecare.com junk). Loc8NearMe Google-style reviews 2025. Directory: web site unknown.,3043375
BonTon Barber Shop,shop:hairdresser,312 W Main St,Lewistown,MT,,https://www.google.com/maps/search/?api=1&query=BonTon%20Barber%20Shop%2C%20312%20W%20Main%20St%2C%20Lewistown%2C%20MT,facebook_only,likely,batch2,Newly opened 2026 in the historic Bon Ton building (Lewistown News). Downtown directory listing. Facebook page; no company website. OSM downtown coverage was thin.,3043375
Dave's Diner,amenity:restaurant,390 Brunswick Ave,Gardiner,ME,207-588-0022,https://www.google.com/maps/search/?api=1&query=Dave%27s%20Diner%2C%20390%20Brunswick%20Ave%2C%20Gardiner%2C%20ME,facebook_only,yes,batch2,MapQuest 'website' is davesdiner.food37.com aggregator. Sluurpy lists facebook.com/davesdinerme. Restaurantji ~214 reviews. No owned domain.,2327085
Z Market,shop:convenience,288 Lewiston Rd,Gardiner,ME,207-582-5721,https://www.google.com/maps/search/?api=1&query=Z%20Market%2C%20288%20Lewiston%20Rd%2C%20Gardiner%2C%20ME,no_website,likely,batch2,MapQuest convenience-store listing with phone/address and no company website. Unrelated Gardiner markets have their own sites.,2327085
Body Renewal Salon & Spa,shop:beauty,706 Wollard Blvd,Richmond,MO,816-615-7200,https://www.google.com/maps/search/?api=1&query=Body%20Renewal%20Salon%20%26%20Spa%2C%20706%20Wollard%20Blvd%2C%20Richmond%2C%20MO,facebook_only,yes,batch2,MapQuest + Nextdoor + BestProsInTown (Google-style reviews). Public site is Facebook. No owned domain.,2961670
Tequila Jalisco Mexican Restaurant,amenity:restaurant,620 S Institute St,Richmond,MO,816-776-3981,https://www.google.com/maps/search/?api=1&query=Tequila%20Jalisco%20Mexican%20Restaurant%2C%20620%20S%20Institute%20St%2C%20Richmond%2C%20MO,facebook_only,yes,batch2,MapQuest listing. Restaurantji ~140 reviews. Facebook is the public site. edan.io is an aggregator.,2961670
Bark Bargains Thrift Shop,shop:charity,105 E Main St #1,Richmond,MO,,https://www.google.com/maps/search/?api=1&query=Bark%20Bargains%20Thrift%20Shop%2C%20105%20E%20Main%20St%2C%20Richmond%2C%20MO,no_website,likely,batch2,Loc8NearMe listing with 2023-2025 reviews; supports local animal rescue. No company website. OSM address differed (112 S College); directory uses 105 E Main.,2961670
Mis Amores Mexican Restaurant,amenity:restaurant,36 N State St,Preston,ID,208-852-7133,https://www.google.com/maps/search/?api=1&query=Mis%20Amores%20Mexican%20Restaurant%2C%2036%20N%20State%20St%2C%20Preston%2C%20ID,facebook_only,yes,batch2,Chamber 'website' is a Google business.site GBP page. Sluurpy lists facebook.com/MISAMORESRESTURAUNT. No owned domain.,1665260
Harris Collision Repair and Glass,shop:car_repair,116 S State St,Preston,ID,208-852-1202,https://www.google.com/maps/search/?api=1&query=Harris%20Collision%20Repair%20and%20Glass%2C%20116%20S%20State%20St%2C%20Preston%2C%20ID,no_website,yes,batch2,OSM name Harris Auto Body. Carwise + Preston Chamber. Directory web site unknown. harrisautobodyllc.com is an unrelated Oakfield NY shop.,1665260
Owl Club,amenity:bar,16 S State St,Preston,ID,208-852-3710,https://www.google.com/maps/place/?q=place_id:ChIJBcqAuev3VIcREleUHiDca9E,no_website,yes,batch2,Google Place ID ChIJBcqAuev3VIcREleUHiDca9E. Directory web site unknown. owlclub.net is unrelated.,1665260
Split-Ends Hair Styling Salon,shop:hairdresser,503 6th Ave,Dayton,KY,859-491-0084,https://www.google.com/maps/search/?api=1&query=Split-Ends%20Hair%20Styling%20Salon%2C%20503%206th%20Ave%2C%20Dayton%2C%20KY,no_website,yes,batch2,ZipLeaf Website-Not Available. Loc8NearMe reviews. Independent since ~1994. No company domain.,2120350
The Salon Shop & Brow Bar,shop:hairdresser,513 6th Ave,Dayton,KY,859-307-7576,https://www.google.com/maps/search/?api=1&query=The%20Salon%20Shop%20%26%20Brow%20Bar%2C%20513%206th%20Ave%2C%20Dayton%2C%20KY,no_website,yes,batch2,MapQuest listing. Birdeye aggregates Google reviews. theshopsalon.com is an unrelated DC/MD chain.,2120350
Tony's Ole Saloon,amenity:bar,613 Berry St,Dayton,KY,859-261-7777,https://www.google.com/maps/search/?api=1&query=Tony%27s%20Ole%20Saloon%2C%20613%20Berry%20St%2C%20Dayton%2C%20KY,no_website,likely,batch2,Hubbiz/MenuPix/Sluurpy listings. No company website found. Not the LA Arts District namesake.,2120350
Deb's Place Restaurant,amenity:restaurant,150 Main St,Danielson,CT,860-779-9797,https://www.google.com/maps/search/?api=1&query=Deb%27s%20Place%20Restaurant%2C%20150%20Main%20St%2C%20Danielson%2C%20CT,facebook_only,yes,batch2,Sluurpy updated Jun 2026 lists facebook.com/Debs-Place-Restaurant-173887732706397. A 2021 article said it would close; 2026 directories still list it open. No owned domain.,0918780
Maury's Pub,amenity:pub,75 Main St,Danielson,CT,860-412-9028,https://www.google.com/maps/search/?api=1&query=Maury%27s%20Pub%2C%2075%20Main%20St%2C%20Danielson%2C%20CT,facebook_only,yes,batch2,BeerMenus lists facebook.com/MaurysPubCT as the only site. No company domain.,0918780
Danielson Auto Repair,shop:car_repair,7 Commerce Ave,Danielson,CT,860-779-0580,https://www.google.com/maps/search/?api=1&query=Danielson%20Auto%20Repair%2C%207%20Commerce%20Ave%2C%20Danielson%2C%20CT,no_website,likely,batch2,"AllBiz: no website listed, Facebook only. Directory web site unknown. Independent, not Mike Smith Transmissions.",0918780
Hair Envy Salon,shop:beauty,215 Main St,Wayne,NE,402-833-1100,https://www.google.com/maps/search/?api=1&query=Hair%20Envy%20Salon%2C%20215%20Main%20St%2C%20Wayne%2C%20NE,no_website,yes,batch2,"MapQuest 'website' is vagaro.com/HairEnvySalon (booking aggregator, not a company site). No owned domain.",3151840
Geno's Steakhouse & Lounge,amenity:restaurant,121 W 1st St,Wayne,NE,531-519-6111,https://www.google.com/maps/search/?api=1&query=Geno%27s%20Steakhouse%2C%20121%20W%201st%20St%2C%20Wayne%2C%20NE,facebook_only,yes,batch2,New owners 2023 kept the Geno's name (Norfolk Daily News). Reservations via Facebook. genossteakhouse.netwaiter.com is an aggregator. Also listed as Pearl Street Steakhouse & Lounge on some sites.,3151840
Exhaust Pros & Lightning Lube,shop:car_repair,213 W 1st St,Wayne,NE,402-375-5370,https://www.google.com/maps/search/?api=1&query=Exhaust%20Pros%20%26%20Lightning%20Lube%2C%20213%20W%201st%20St%2C%20Wayne%2C%20NE,no_website,likely,batch2,"Wayne Daily News directory listing. exhaustproswayne.com appears unused; exhaustprostotalcarcare.com looks like a different shop. Independent, not a national chain.",3151840
Hair Designs,shop:hairdresser,103 S Main St,Woodruff,SC,864-476-9228,https://www.google.com/maps/search/?api=1&query=Hair%20Designs%2C%20103%20S%20Main%20St%2C%20Woodruff%2C%20SC,no_website,yes,batch2,MapQuest listing. CMac.ws Website: N/A. No company domain found.,4579090
Hatz Off Grooming Lounge,shop:hairdresser,211 S Main St,Woodruff,SC,,https://www.google.com/maps/search/?api=1&query=Hatz%20Off%20Grooming%20Lounge%2C%20211%20S%20Main%20St%2C%20Woodruff%2C%20SC,no_website,yes,batch2,"Booksy booking page only (aggregator, not a company site). BestProsInTown reviews. No owned domain.",4579090
Magnificent Nails & Spa,shop:beauty,916 S Main St,Woodstock,VA,540-459-2122,https://www.google.com/maps/search/?api=1&query=Magnificent%20Nails%20%26%20Spa%2C%20916%20S%20Main%20St%2C%20Woodstock%2C%20VA,facebook_only,yes,batch2,Birdeye aggregates ~94 Google reviews. edan.io is an aggregator. Facebook/directories only; no owned domain.,5187712
The Madcutter (Hair by Chell),shop:hairdresser,112 N Main St,Woodstock,VA,540-325-6255,https://www.google.com/maps/search/?api=1&query=The%20Madcutter%20salon%2C%20112%20N%20Main%20St%2C%20Woodstock%2C%20VA,no_website,likely,batch2,OSM name Hair by Chell; owner Chell Utz opened The Madcutter at 112 N Main (NV Daily). Appointments by phone. No company website found.,5187712
Old Towne Hair,shop:hairdresser,29306 Old Towne Rd,Chisago City,MN,(651) 213-1199,https://www.google.com/maps/search/?api=1&query=Old%20Towne%20Hair%2029306%20Old%20Towne%20Rd%20Chisago%20City%20MN,no_website,yes,batch3,MapQuest listing with hours; BestPros 47 reviews; Fresha aggregator (not a company site). oldtownhaircompany.com is Fort Collins CO. Sitka-style web-found because OSM was sparse (4 elements).,2711350
Chisago Garage & Tire,shop:car_repair,29265 Isabel St,Chisago City,MN,(651) 257-5466,https://www.google.com/maps/search/?api=1&query=Chisago%20Garage%20%26%20Tire%2029265%20Isabel%20St%20Chisago%20City%20MN,no_website,likely,batch3,"Also known as Don's Garage. MapQuest listing (Call, no Website). Nextdoor neighbor rec May 2026. No company domain. Sitka-style web-found.",2711350
Fadestrong Barber Shop,shop:hairdresser,119 West Wea Street,Paola,KS,+1 913-713-8269,https://www.google.com/maps/search/?api=1&query=Fadestrong%20Barber%20Shop%20119%20W%20Wea%20St%20Paola%20KS,no_website,yes,batch3,"OSM + LocalityBiz. Booking is square.site (aggregator, not a company website). No owned domain.",2054250
ZAM Device Repair,craft:electronics_repair,10 West Peoria Street,Paola,KS,+1 913-594-3315,https://www.google.com/maps/search/?api=1&query=ZAM%20Device%20Repair%2010%20W%20Peoria%20St%20Paola%20KS,no_website,yes,batch3,OSM + MapQuest listing (no Website button). One Nextdoor dump also lists 1608 Industrial Park Dr; kept OSM/MapQuest downtown address. No company domain.,2054250
Circle C Cafe,amenity:cafe,1305 Baptiste Drive,Paola,KS,(913) 294-5300,https://www.google.com/maps/search/?api=1&query=Circle%20C%20Cafe%201305%20Baptiste%20Dr%20Paola%20KS,facebook_only,yes,batch3,OSM + MapQuest. Chamber Visit Website is facebook.com/circleccafe. Restaurantji 191 reviews. No company domain.,2054250
Shear Bliss Hair Salon,shop:hairdresser,"103 North Pearl Street, #A",Paola,KS,(913) 222-9347,https://www.google.com/maps/search/?api=1&query=Shear%20Bliss%20Hair%20Salon%20103%20N%20Pearl%20St%20Paola%20KS,facebook_only,yes,batch3,OSM name Susan Bliss Hair Salon; operating as Shear Bliss at 103 N Pearl Ste A. MapQuest listing. shearbliss.comb.works is Tillamook OR. No Paola company domain.,2054250
Milo's Steakhouse,amenity:restaurant,16 W Peoria St,Paola,KS,(913) 294-4148,https://www.google.com/maps/search/?api=1&query=Milo%27s%20Steakhouse%2016%20W%20Peoria%20St%20Paola%20KS,facebook_only,yes,batch3,OSM + Paola Chamber (Facebook only). Restaurantji 229 reviews. MenuPix. No company domain.,2054250
Home Town Market & Floral,shop:florist,20 South Silver Street,Paola,KS,(913) 333-2081,https://www.google.com/maps/search/?api=1&query=Home%20Town%20Market%20%26%20Floral%2020%20S%20Silver%20St%20Paola%20KS,facebook_only,yes,batch3,OSM + MapQuest. Paola Chamber Visit Website is facebook.com/HomeTownMarketFloral. No company domain.,2054250
Alfonso's Mexican Food,amenity:restaurant,412 Clayton Road,Raton,NM,(575) 445-8022,https://www.google.com/maps/search/?api=1&query=Alfonso%27s%20Mexican%20Food%20412%20Clayton%20Rd%20Raton%20NM,facebook_only,yes,batch3,OSM + MapQuest Website field is Facebook. Restaurantji 271 reviews. Independent gas-station diner. No company domain.,3562060
Savvy Nails,shop:beauty,1253 South 2nd Street,Raton,NM,(505) 617-6070,https://www.google.com/maps/search/?api=1&query=Savvy%20Nails%201253%20S%202nd%20St%20Raton%20NM,facebook_only,likely,batch3,OSM tagged Raton Nail & Spa at this address; The Ratonian (2025) identifies current operator as Savvy Nails. Facebook savvy.nails.2025. No company domain.,3562060
La Cosina Café,amenity:restaurant,745 S 3rd St,Raton,NM,(575) 445-9675,https://www.google.com/maps/search/?api=1&query=La%20Cosina%20Cafe%20745%20S%203rd%20St%20Raton%20NM,facebook_only,yes,batch3,186 Google reviews cited by directory; Restaurantji; official website listed as Facebook. Sitka-style web-found (OSM candidate list was chain/site/closed-heavy).,3562060
Good Times Barbershop,shop:hairdresser,104 N 2nd St,Raton,NM,(575) 921-4602,https://www.google.com/maps/search/?api=1&query=Good%20Times%20Barbershop%20104%20N%202nd%20St%20Raton%20NM,no_website,yes,batch3,MapQuest listing. Booking is heygoldie.com / square.site (aggregators). Some listings also show 216 Park Ave. No owned domain.,3562060
"Dolphin Auto, LLC",shop:car_repair,6010 US-1,Grant-Valkaria,FL,(321) 984-8322,https://www.google.com/maps/search/?api=1&query=Dolphin%20Auto%20LLC%206010%20US-1%20Grant-Valkaria%20FL,facebook_only,yes,batch3,Birdeye 96 reviews; Facebook; owner Kenny Scofield. Sitka-style web-found. Huge-land OSM cluster snapped to Palm Bay/Malabar Rd (outside town); not used for keeps.,1227256
J&J Mobile Auto Repair,shop:car_repair,7775 Babcock St SE,Grant-Valkaria,FL,(321) 431-6415,https://www.google.com/maps/search/?api=1&query=J%26J%20Mobile%20Auto%20Repair%207775%20Babcock%20St%20SE%20Grant-Valkaria%20FL,no_website,yes,batch3,Waze Place ID ChIJiWkDFMdt3ogRe0h0_DOKv3k; BBB A+; Birdeye 50 reviews. No company domain. Sitka-style web-found.,1227256
Hibachi House,amenity:restaurant,508 Carolina Ave,Erwin,TN,(423) 735-1110,https://www.google.com/maps/search/?api=1&query=Hibachi%20House%20508%20Carolina%20Ave%20Erwin%20TN,facebook_only,yes,batch3,OSM + Restaurantji 167 reviews. Official site listed as Facebook. No company domain.,4724360
Family Auto Care,shop:car_repair,155 Sara Day Rd,Erwin,TN,(423) 735-3541,https://www.google.com/maps/search/?api=1&query=Family%20Auto%20Care%20155%20Sara%20Day%20Rd%20Erwin%20TN,no_website,likely,batch3,MapQuest no Website. Listed for sale as a going concern (still operating). No company domain.,4724360
City Barber Shop,shop:hairdresser,610 Carolina Ave,Erwin,TN,(423) 743-0295,https://www.google.com/maps/search/?api=1&query=City%20Barber%20Shop%20610%20Carolina%20Ave%20Erwin%20TN,no_website,likely,batch3,Directories list Website: N/A. Independent downtown barber. No company domain.,4724360
Big E Auto Care,shop:car_repair,1625 Jonesborough Rd,Erwin,TN,(423) 743-4266,https://www.google.com/maps/search/?api=1&query=Big%20E%20Auto%20Care%201625%20Jonesborough%20Rd%20Erwin%20TN,no_website,yes,batch3,Loc8NearMe listing; owner Charles Broyles. No company domain.,4724360
TJ's Service & Repair,shop:car_repair,565 E Main St,Midway,UT,(435) 654-0859,https://www.google.com/maps/search/?api=1&query=TJ%27s%20Service%20%26%20Repair%20565%20E%20Main%20St%20Midway%20UT,no_website,yes,batch3,MapQuest specialties/hours; owner Travis Zaccardi. No company domain.,4949820
Cactus & Pine Boutique,shop:clothes,93 W Main St,Midway,UT,(435) 503-4242,https://www.google.com/maps/search/?api=1&query=Cactus%20%26%20Pine%20Boutique%2093%20W%20Main%20St%20Midway%20UT,no_website,likely,batch3,"OSM name Cactus and Pine. MapQuest + Yelp (5 months ago). Heber Valley chamber Website field empty. cactusandpine.com is Arizona GCSA, not this shop.",4949820
Soul Barber Shop,shop:hairdresser,278 South Academy Street,Hightstown,NJ,(609) 443-6419,https://www.google.com/maps/search/?api=1&query=Soul%20Barber%20Shop%20278%20S%20Academy%20St%20Hightstown%20NJ,no_website,likely,batch3,Directories (cmac.ws Website: N/A; Yellow Pages). Owner Jesse Lockett. Elegant/Legends at 104 Mercer dropped because MapQuest lists legendsbarbershop.com. Thin OSM (12 elements).,3431620
Mega's Grill & Eatery,amenity:restaurant,101 McKinsey Drive,Maquoketa,IA,(563) 652-6679,https://www.google.com/maps/search/?api=1&query=Mega%27s%20Grill%20and%20Eatery%20101%20McKinsey%20Dr%20Maquoketa%20IA,facebook_only,yes,batch3,OSM + MapQuest Website=Facebook; 351 reviews. No company domain.,1949215
Solutions Full Service Salon,shop:beauty,111 McKinsey Drive,Maquoketa,IA,(563) 652-7018,https://www.google.com/maps/search/?api=1&query=Solutions%20Full%20Service%20Salon%20111%20McKinsey%20Dr%20Maquoketa%20IA,facebook_only,likely,batch3,OSM + Facebook-only presence. No company domain.,1949215
HWY 61 Dry Cleaners,shop:dry_cleaning,108 Jones Street,Maquoketa,IA,(563) 652-3641,https://www.google.com/maps/search/?api=1&query=HWY%2061%20Dry%20Cleaners%20108%20Jones%20St%20Maquoketa%20IA,no_website,yes,batch3,OSM + chamber listing. No company domain.,1949215
Furniture & Mattress Line,shop:furniture,"101 Westgate Drive, #4",Maquoketa,IA,(563) 748-0750,https://www.google.com/maps/search/?api=1&query=Furniture%20and%20Mattress%20Line%20101%20Westgate%20Dr%20Maquoketa%20IA,no_website,yes,batch3,OSM + MapQuest no Website; chamber. No company domain.,1949215
Marsha's Haircuts,shop:hairdresser,703 Main Ave,Nitro,WV,(304) 755-8700,https://www.google.com/maps/search/?api=1&query=Marsha%27s%20Haircuts%20703%20Main%20Ave%20Nitro%20WV,no_website,yes,batch3,"MapQuest listing (3 Yelp reviews via MapQuest). edan.io is a directory, not a company site. In-Nitro (not Cross Lanes radius spillover). OSM radius hit mostly Cross Lanes chains.",5459068
Harbor Barber & Beauty Emporium,shop:hairdresser,1067 Ocean Dr,Homer,AK,907-235-4333,https://www.google.com/maps/search/?api=1&query=Harbor%20Barber%20%26%20Beauty%20Emporium%201067%20Ocean%20Dr%20Homer%20AK,no_website,likely,batch3,barbershops.net / Secret Salons directories. haircutlocations.com is an aggregator. No first-party domain.,0233140
Clippership Barbershop,shop:hairdresser,158 W Pioneer Ave Ste A,Homer,AK,(907) 240-1392,https://www.google.com/maps/search/?api=1&query=Clippership%20Barbershop%20158%20W%20Pioneer%20Ave%20Homer%20AK,facebook_only,yes,batch3,"OSM + AK company registry (good standing, Ginger/Virginia Moore). Facebook page; salondiscover. No company domain.",0233140
Lonnie's Automotive Repair,shop:car_repair,3804 Heath St,Homer,AK,(907) 435-9999,https://www.google.com/maps/search/?api=1&query=Lonnie%27s%20Automotive%20Repair%203804%20Heath%20St%20Homer%20AK,no_website,yes,batch3,Loc8NearMe hours/reviews; Birdeye 18 reviews; placewing Website blank. visithomeralaska.com directory. No company domain.,0233140
Cooper Automotive,shop:car_repair,1355 Ocean Dr,Homer,AK,(907) 299-5422,https://www.google.com/maps/search/?api=1&query=Cooper%20Automotive%201355%20Ocean%20Dr%20Homer%20AK,facebook_only,yes,batch3,"OSM + MapQuest (Call, no Website button). Facebook CooperAutomotive99603. AK LLC good standing (Josh Cooper). No company domain.",0233140
Haircuts by Holly,shop:hairdresser,126 W Pioneer Ave #4,Homer,AK,(907) 299-0006,https://www.google.com/maps/search/?api=1&query=Haircuts%20by%20Holly%20126%20W%20Pioneer%20Ave%20Homer%20AK,facebook_only,likely,batch3,Birdeye 5.0 listing; Facebook haircutsbyholly. No company domain.,0233140
Highliner Salon Studio,shop:hairdresser,672 East End Rd Suite C,Homer,AK,(907) 299-5442,https://www.google.com/maps/search/?api=1&query=Highliner%20Salon%20Studio%20672%20East%20End%20Rd%20Homer%20AK,no_website,yes,batch3,"Booking is Vagaro (aggregator, not a company website). Facebook/Instagram. salondiscover 11 reviews. No owned domain.",0233140
Rump's BBQ,amenity:restaurant,3582 Main Street,Homer,AK,(907) 299-9709,https://www.google.com/maps/search/?api=1&query=Rump%27s%20BBQ%203582%20Main%20St%20Homer%20AK,facebook_only,likely,batch3,OSM 3582 Main St; some listings 98 Sterling Hwy (seasonal #2). Restaurantjump Website blank; Facebook. No company domain.,0233140
Tracy Plaza Barber Shop,shop:hairdresser,400 Tracy Rd #6,New Whiteland,IN,(317) 535-7044,https://www.google.com/maps/search/?api=1&query=Tracy%20Plaza%20Barber%20Shop%20400%20Tracy%20Rd%20New%20Whiteland%20IN,facebook_only,yes,batch3,"Facebook + Fresha aggregator (not a company site). salondiscover 13 reviews, owner Ed Ward. Wood Auto Repair dropped (woodautorepair.com). Friends Diner dropped (friendsdinerwhiteland.com). Thin OSM (5 elements).",1853874
Sweet Scoops market,shop:convenience,300 Tracy Rd,New Whiteland,IN,(317) 530-9764,https://www.google.com/maps/search/?api=1&query=Sweet%20Scoops%20market%20300%20Tracy%20Rd%20New%20Whiteland%20IN,no_website,yes,batch3,"OSM + Hoosier Lottery 2021+ owner profile. Ordering portal is square.site (aggregator, not a company website). scoopsandtreasures.com is a prior occupant.",1853874
Magoo's Place,amenity:restaurant,905 E Avenue E,Alpine,TX,(432) 837-9951,https://www.google.com/maps/search/?api=1&query=Magoo%27s%20Place%20905%20E%20Avenue%20E%20Alpine%20TX,facebook_only,yes,batch3,OSM + MapQuest Website=Facebook. Restaurantji 310 reviews. Independent homestyle diner. No company domain.,4802104
La Casita,amenity:restaurant,1104 E Avenue H,Alpine,TX,(432) 837-2842,https://www.google.com/maps/search/?api=1&query=La%20Casita%201104%20E%20Avenue%20H%20Alpine%20TX,facebook_only,yes,batch3,OSM + MapQuest Website=Facebook. Restaurantji 286 reviews. Cash-only Mexican in a former home. No company domain.,4802104
Alicia's Mexican Restaurant,amenity:restaurant,708 E Gallego Ave,Alpine,TX,(432) 837-2802,https://www.google.com/maps/search/?api=1&query=Alicia%27s%20Mexican%20Restaurant%20708%20E%20Gallego%20Ave%20Alpine%20TX,facebook_only,yes,batch3,Visit Alpine listing; Facebook 1705 were-here. Take-out Mexican. No company domain.,4802104
Happy Nails & Spa,shop:beauty,709 E Holland Ave,Alpine,TX,(432) 538-7110,https://www.google.com/maps/search/?api=1&query=Happy%20Nails%20%26%20Spa%20709%20E%20Holland%20Ave%20Alpine%20TX,no_website,yes,batch3,Google Place ID ChIJH21AQgra74YRrKH3OHlXw-c; 32 ratings 4.7. No website field. No company domain.,4802104
Baker's Dozen Donuts,amenity:fast_food,801 North 5th Street,Alpine,TX,(432) 837-5331,https://www.google.com/maps/search/?api=1&query=Bakers%20Dozen%20Donuts%20801%20N%205th%20St%20Alpine%20TX,facebook_only,yes,batch3,MapQuest Website=Facebook; 95 reviews. Independent donut shop. No company domain.,4802104
Buddy's Auto Repair,shop:car_repair,103 N 7th St,Alpine,TX,(432) 837-3581,https://www.google.com/maps/search/?api=1&query=Buddy%20Auto%20Repair%20103%20N%207th%20St%20Alpine%20TX,no_website,yes,batch3,"MapQuest + Birdeye 22 reviews; Loc8NearMe reviews through Aug 2025. buddysautorepair.com is Scottsdale AZ, not this shop. Facebook 25+ years.",4802104
Acevedos Auto Service & Tire Shop,shop:car_repair,1501 W Hwy 90,Alpine,TX,(915) 312-2233,https://www.google.com/maps/search/?api=1&query=Acevedos%20Auto%20Service%20and%20Tire%20Shop%201501%20W%20Hwy%2090%20Alpine%20TX,facebook_only,yes,batch3,MapQuest; Big Bend Reporter Aug 2025; TX LLC active 2025. Facebook page. No company domain.,4802104
Belding C-Store,shop:convenience,1002 South Bridge Street,Belding,MI,(616) 794-3710,https://www.google.com/maps/search/?api=1&query=Belding%20C-Store%2C%201002%20South%20Bridge%20Street%2C%20Belding%2C%20MI,no_website,yes,batch4,OSM unnamed convenience at 1002 S Bridge + MapQuest (Website unknown). No company domain.,2606900
Mini Market,shop:alcohol,404 West Main Street,Belding,MI,(616) 794-2660,https://www.google.com/maps/search/?api=1&query=Mini%20Market%2C%20404%20West%20Main%20Street%2C%20Belding%2C%20MI,no_website,yes,batch4,OSM shop:alcohol at 404 W Main + Loc8NearMe. No company domain.,2606900
Brett's Auto Body,shop:car_repair,8684 Storey Road,Belding,MI,(616) 794-0190,https://www.google.com/maps/search/?api=1&query=Brett%27s%20Auto%20Body%2C%208684%20Storey%20Road%2C%20Belding%2C%20MI,no_website,yes,batch4,MapQuest listing. Sitka-style web-found (OSM thin/unnamed). No company domain.,2606900
Jakeway Auto Repair,shop:car_repair,1510 West State Street,Belding,MI,(616) 244-3755,https://www.google.com/maps/search/?api=1&query=Jakeway%20Auto%20Repair%2C%201510%20West%20State%20Street%2C%20Belding%2C%20MI,facebook_only,yes,batch4,Facebook-only (42 reviews). Sitka-style web-found. No company domain.,2606900
Firehouse Pub,amenity:pub,780 Main Street,Buckley,WA,(360) 829-2999,https://www.google.com/maps/search/?api=1&query=Firehouse%20Pub%2C%20780%20Main%20Street%2C%20Buckley%2C%20WA,facebook_only,yes,batch4,OSM amenity:pub + Facebook. Restaurantji 196 reviews. Strongest Buckley listing. No company domain.,5308570
Georgio's Italian Kitchen,amenity:restaurant,737 Main Street,Buckley,WA,(360) 761-7037,https://www.google.com/maps/search/?api=1&query=Georgio%27s%20Italian%20Kitchen%2C%20737%20Main%20Street%2C%20Buckley%2C%20WA,facebook_only,yes,batch4,OSM + Facebook. No company domain.,5308570
Salon 790,shop:hairdresser,133 South Cedar Street,Buckley,WA,(360) 829-6623,https://www.google.com/maps/search/?api=1&query=Salon%20790%2C%20133%20South%20Cedar%20Street%2C%20Buckley%2C%20WA,no_website,yes,batch4,"OSM + Vagaro booking (aggregator, not a company website). No owned domain.",5308570
Salon 410,shop:hairdresser,135 Jefferson Avenue,Buckley,WA,(206) 393-7950,https://www.google.com/maps/search/?api=1&query=Salon%20410%2C%20135%20Jefferson%20Avenue%2C%20Buckley%2C%20WA,facebook_only,yes,batch4,OSM shop:hairdresser + Facebook. No company domain.,5308570
Church Street Grill,amenity:restaurant,121 West Church Street,Nashville,NC,(252) 459-4441,https://www.google.com/maps/search/?api=1&query=Church%20Street%20Grill%2C%20121%20West%20Church%20Street%2C%20Nashville%2C%20NC,facebook_only,yes,batch4,OSM + Facebook. Restaurantji 104 reviews. No company domain.,3746000
Nashville Diner,amenity:restaurant,309 West Curtis Street,Nashville,NC,(252) 459-2103,https://www.google.com/maps/search/?api=1&query=Nashville%20Diner%2C%20309%20West%20Curtis%20Street%2C%20Nashville%2C%20NC,facebook_only,yes,batch4,"OSM + Facebook. 200+ reviews. No company domain. NC town, not Nashville TN.",3746000
Dos Hermanos,amenity:restaurant,323 West Washington Street,Nashville,NC,(252) 459-2600,https://www.google.com/maps/search/?api=1&query=Dos%20Hermanos%2C%20323%20West%20Washington%20Street%2C%20Nashville%2C%20NC,facebook_only,yes,batch4,OSM + Facebook. Restaurantji 151 reviews. No company domain.,3746000
Nashville Exchange,amenity:restaurant,229 West Washington Street,Nashville,NC,(252) 459-6275,https://www.google.com/maps/search/?api=1&query=Nashville%20Exchange%2C%20229%20West%20Washington%20Street%2C%20Nashville%2C%20NC,no_website,yes,batch4,OSM + Restaurantji 135 reviews. No company domain.,3746000
One of Deez Days Steamhouse,amenity:restaurant,235 Main Street,Nashville,NC,(252) 462-5105,https://www.google.com/maps/search/?api=1&query=One%20of%20Deez%20Days%20Steamhouse%2C%20235%20Main%20Street%2C%20Nashville%2C%20NC,facebook_only,yes,batch4,OSM + Facebook. OSM also lists 252-459-6099. No company domain.,3746000
Scooter Station,shop:motorcycle_repair,120 South Boddie Street,Nashville,NC,(252) 459-5995,https://www.google.com/maps/search/?api=1&query=Scooter%20Station%2C%20120%20South%20Boddie%20Street%2C%20Nashville%2C%20NC,facebook_only,yes,batch4,OSM motorcycle repair + Facebook/Twitter. No live company site.,3746000
Mucho Mexico Sizzlin,amenity:restaurant,912 Eastern Avenue,Nashville,NC,(252) 459-9793,https://www.google.com/maps/search/?api=1&query=Mucho%20Mexico%20Sizzlin%2C%20912%20Eastern%20Avenue%2C%20Nashville%2C%20NC,facebook_only,yes,batch4,OSM + Facebook. Restaurantji 133 reviews. No company domain.,3746000
Alice's Beauty Shop,shop:hairdresser,211 West Washington Street,Nashville,NC,(252) 459-2317,https://www.google.com/maps/search/?api=1&query=Alice%27s%20Beauty%20Shop%2C%20211%20West%20Washington%20Street%2C%20Nashville%2C%20NC,no_website,yes,batch4,Loc8NearMe listing. Sitka-style web-found. No company domain.,3746000
Nashville Roots Hair,shop:hairdresser,919 Eastern Avenue,Nashville,NC,,https://www.google.com/maps/search/?api=1&query=Nashville%20Roots%20Hair%2C%20919%20Eastern%20Avenue%2C%20Nashville%2C%20NC,no_website,likely,batch4,OSM hairdresser + directories. Not the Nashville TN Roots chain. No company domain.,3746000
Molly's Pizzeria,amenity:restaurant,223 Cedar Street,Chillicothe,IL,(309) 270-8600,https://www.google.com/maps/search/?api=1&query=Molly%27s%20Pizzeria%2C%20223%20Cedar%20Street%2C%20Chillicothe%2C%20IL,facebook_only,yes,batch4,OSM + Facebook/Instagram. Restaurantji 115 reviews. No company domain.,1714117
Mid-Hudson Asian Market,shop:convenience,1554 Route 9,Wappingers Falls,NY,(845) 296-1007,https://www.google.com/maps/search/?api=1&query=Mid-Hudson%20Asian%20Market%2C%201554%20Route%209%2C%20Wappingers%20Falls%2C%20NY,facebook_only,yes,batch4,MapQuest Website=Facebook. Loc8NearMe reviews through 2026. OSM-rich town but almost all other leads had first-party sites.,3678168
Day & Night Diner,amenity:restaurant,1456 North Main Street,Palmer Town,MA,(413) 283-4536,https://www.google.com/maps/search/?api=1&query=Day%20%26%20Night%20Diner%2C%201456%20North%20Main%20Street%2C%20Palmer%20Town%2C%20MA,no_website,yes,batch4,Restaurantguru/Google ~4.4. Palmer-proper web-found after Belchertown cluster discarded. No company domain.,2552144
Sportsmen's Barber Shop,shop:hairdresser,1041 Thorndike Street,Palmer Town,MA,(413) 283-6540,https://www.google.com/maps/search/?api=1&query=Sportsmen%27s%20Barber%20Shop%2C%201041%20Thorndike%20Street%2C%20Palmer%20Town%2C%20MA,no_website,yes,batch4,Est. 1967. Directories list Website N/A. Thorndike village is inside Palmer Town. No company domain.,2552144
Jack's Barber Shop,shop:hairdresser,1110 Park Street,Palmer Town,MA,(413) 283-3188,https://www.google.com/maps/search/?api=1&query=Jack%27s%20Barber%20Shop%2C%201110%20Park%20Street%2C%20Palmer%20Town%2C%20MA,no_website,likely,batch4,Palmer-proper directory listing. No company domain. Sitka-style web-found.,2552144
Yankee Clipper Barber,shop:hairdresser,1367 Main Street,Palmer Town,MA,(413) 283-2020,https://www.google.com/maps/search/?api=1&query=Yankee%20Clipper%20Barber%2C%201367%20Main%20Street%2C%20Palmer%20Town%2C%20MA,no_website,likely,batch4,Palmer-proper directory listing. No company domain. Sitka-style web-found.,2552144
4 Corners Pub,amenity:bar,122 South Egan Avenue,Madison,SD,(605) 556-2600,https://www.google.com/maps/search/?api=1&query=4%20Corners%20Pub%2C%20122%20South%20Egan%20Avenue%2C%20Madison%2C%20SD,facebook_only,yes,batch4,OSM + Facebook. No company domain.,4640220
China Moon Madison,amenity:restaurant,111 North Egan Avenue,Madison,SD,(605) 256-4823,https://www.google.com/maps/search/?api=1&query=China%20Moon%20Madison%2C%20111%20North%20Egan%20Avenue%2C%20Madison%2C%20SD,no_website,yes,batch4,"OSM + Restaurantji 110 reviews. chinamoonrestaurant.com is Laguna Niguel CA, not this shop.",4640220
Foley's Bar,amenity:bar,120 South Egan Avenue,Madison,SD,(605) 256-3540,https://www.google.com/maps/search/?api=1&query=Foley%27s%20Bar%2C%20120%20South%20Egan%20Avenue%2C%20Madison%2C%20SD,facebook_only,yes,batch4,OSM + Facebook. 3rd-generation bar since 1945; chamber listing. Strongest Madison listing. No company domain.,4640220
Jack's Cold Storage,shop:butcher,208 SW 1st Street,Madison,SD,(605) 256-2556,https://www.google.com/maps/search/?api=1&query=Jack%27s%20Cold%20Storage%2C%20208%20SW%201st%20Street%2C%20Madison%2C%20SD,no_website,yes,batch4,Also Jack's Meat Store. MapQuest Website unknown. No company domain.,4640220
Betsill's Transmission,shop:car_repair,242 North Main Street,Jonesboro,GA,(770) 471-8027,https://www.google.com/maps/search/?api=1&query=Betsill%27s%20Transmission%2C%20242%20North%20Main%20Street%2C%20Jonesboro%2C%20GA,no_website,yes,batch4,BBB/MapQuest. No company domain. In-town N Main.,1342604
Wade's Collision,shop:car_repair,8326 Tara Boulevard,Jonesboro,GA,(770) 477-0859,https://www.google.com/maps/search/?api=1&query=Wade%27s%20Collision%2C%208326%20Tara%20Boulevard%2C%20Jonesboro%2C%20GA,no_website,yes,batch4,"Tara Blvd is in Jonesboro. wadesautocollision.com is Marion IA, not this shop.",1342604
Old Tyme Grill & Buffet,amenity:restaurant,8465 Tara Boulevard,Jonesboro,GA,(470) 278-8115,https://www.google.com/maps/search/?api=1&query=Old%20Tyme%20Grill%20%26%20Buffet%2C%208465%20Tara%20Boulevard%2C%20Jonesboro%2C%20GA,facebook_only,yes,batch4,Facebook. Restaurantji 406 reviews. Strongest Jonesboro listing. Tara Blvd in-town (not Morrow bleed).,1342604
Papa James Country Cooking,amenity:restaurant,253 North Main Street Suite D,Jonesboro,GA,,https://www.google.com/maps/search/?api=1&query=Papa%20James%20Country%20Cooking%2C%20253%20North%20Main%20Street%20Suite%20D%2C%20Jonesboro%2C%20GA,facebook_only,yes,batch4,Facebook. Same suite previously NoToSo's (notosos.com); current occupant is Papa James. No company domain.,1342604
Daily Stop Market,shop:convenience,3768 West Golf Course Road,Thatcher,AZ,(928) 348-0299,https://www.google.com/maps/search/?api=1&query=Daily%20Stop%20Market%2C%203768%20West%20Golf%20Course%20Road%2C%20Thatcher%2C%20AZ,no_website,yes,batch4,OSM + Google Place ID ChIJY_YSsa3k14YRs82MKC84tv8. Daily Stop LLC. No company domain.,0473420
La Casita Cafe,amenity:restaurant,3338 West Main Street,Thatcher,AZ,(928) 428-1882,https://www.google.com/maps/search/?api=1&query=La%20Casita%20Cafe%2C%203338%20West%20Main%20Street%2C%20Thatcher%2C%20AZ,facebook_only,yes,batch4,Restaurantji 221 reviews. edan.io/hey-restaurants aggregators (not company sites). Sitka-style web-found; OSM was 1 convenience store. No owned domain.,0473420
Royally Blessed,shop:hairdresser,3776 West Main Street,Thatcher,AZ,,https://www.google.com/maps/search/?api=1&query=Royally%20Blessed%2C%203776%20West%20Main%20Street%2C%20Thatcher%2C%20AZ,no_website,yes,batch4,Booksy-only booking (118 reviews). Booksy is not a company website. Sitka-style web-found. Not Safford bleed.,0473420
Outsiders Bar and Grill,amenity:bar,905 3rd Avenue SW,Watford City,ND,(701) 842-2693,https://www.google.com/maps/search/?api=1&query=Outsiders%20Bar%20and%20Grill%2C%20905%203rd%20Avenue%20SW%2C%20Watford%20City%2C%20ND,facebook_only,yes,batch4,OSM + Facebook. Restaurantji 209 reviews. Distinct from Outlaws Bar (outlawsbarngrill.com). No company domain.,3883860
A & L Auto Repair,shop:car_repair,101 South Main Street,Watford City,ND,(701) 444-3813,https://www.google.com/maps/search/?api=1&query=A%20%26%20L%20Auto%20Repair%2C%20101%20South%20Main%20Street%2C%20Watford%20City%2C%20ND,no_website,likely,batch4,Hubbiz/WhoDoYou/NAICS directories at 101 S Main Watford City. No company domain. Sitka-style web-found (OSM thin/chain).,3883860
High RPM Repair,shop:car_repair,1300 4th Avenue NE,Watford City,ND,(701) 842-3195,https://www.google.com/maps/search/?api=1&query=High%20RPM%20Repair%2C%201300%204th%20Avenue%20NE%2C%20Watford%20City%2C%20ND,no_website,yes,batch4,MapQuest listing for High RPM Repair of Watford City LLC. No company domain. Sitka-style web-found.,3883860
Broncho Grill House & Bar,amenity:restaurant,1918 Main Street,Torrington,WY,(307) 575-2672,https://www.google.com/maps/search/?api=1&query=Broncho%20Grill%20House%20%26%20Bar%2C%201918%20Main%20Street%2C%20Torrington%2C%20WY,facebook_only,yes,batch4,OSM + Facebook. Restaurantji 302 reviews. Strongest Torrington listing. No company domain.,5677530
Cowboy Cup Coffee,amenity:cafe,2702 West C Street,Torrington,WY,(307) 575-1392,https://www.google.com/maps/search/?api=1&query=Cowboy%20Cup%20Coffee%2C%202702%20West%20C%20Street%2C%20Torrington%2C%20WY,facebook_only,yes,batch4,"OSM + Facebook (Cowboy Up Coffee). cowboycupcoffee.com is Johnson County TX, not this shop.",5677530
Garcia's Mexican Restaurant,amenity:restaurant,1915 Main Street,Torrington,WY,(307) 532-0852,https://www.google.com/maps/search/?api=1&query=Garcia%27s%20Mexican%20Restaurant%2C%201915%20Main%20Street%2C%20Torrington%2C%20WY,no_website,yes,batch4,"OSM + NetWaiter/Sirved. garcias.top and garciastorrington.com are aggregator/placeholder, not a first-party site.",5677530
Orr Alignment & Lube,shop:car_repair,1210 East N Street,Torrington,WY,(307) 532-4877,https://www.google.com/maps/search/?api=1&query=Orr%20Alignment%20%26%20Lube%2C%201210%20East%20N%20Street%2C%20Torrington%2C%20WY,no_website,yes,batch4,OSM + MapQuest/Loc8NearMe (reviews through 2025). No company domain.,5677530
San Pedro Mexican Restaurant,amenity:restaurant,2113 Main Street,Torrington,WY,(307) 532-4040,https://www.google.com/maps/search/?api=1&query=San%20Pedro%20Mexican%20Restaurant%2C%202113%20Main%20Street%2C%20Torrington%2C%20WY,no_website,yes,batch4,"OSM + MapQuest/DoorDash. sanpedro.top is an aggregator (negocio.site-class), not a company website.",5677530
The Java Jar,amenity:cafe,2042 Main Street #1,Torrington,WY,(307) 532-8541,https://www.google.com/maps/search/?api=1&query=The%20Java%20Jar%2C%202042%20Main%20Street%20%231%2C%20Torrington%2C%20WY,facebook_only,yes,batch4,OSM + Facebook (TheJavaJar). Restaurantji 100 reviews. No company domain.,5677530
The Mint Bar,amenity:bar,1914 Main Street,Torrington,WY,(307) 532-7421,https://www.google.com/maps/search/?api=1&query=The%20Mint%20Bar%2C%201914%20Main%20Street%2C%20Torrington%2C%20WY,no_website,yes,batch4,"OSM + directory listings. mintbarwyo.com is the historic Mint Bar in Sheridan WY, not Torrington.",5677530
Flock's Glass Inc,shop:car_repair,1226 East M Street,Torrington,WY,(307) 532-4838,https://www.google.com/maps/search/?api=1&query=Flock%27s%20Glass%20Inc%2C%201226%20East%20M%20Street%2C%20Torrington%2C%20WY,no_website,likely,batch4,OSM + construction/AllPages directories. Website unknown. No company domain.,5677530
Fanssy Nails,shop:beauty,117 East 19th Avenue,Torrington,WY,(307) 532-1111,https://www.google.com/maps/search/?api=1&query=Fanssy%20Nails%2C%20117%20East%2019th%20Avenue%2C%20Torrington%2C%20WY,facebook_only,yes,batch4,OSM + BestPros 38 reviews + Facebook. No company domain.,5677530
Bob's Grill,amenity:restaurant,221 South Main Street,Blackwell,OK,(580) 363-3673,https://www.google.com/maps/search/?api=1&query=Bob%27s%20Grill%2C%20221%20South%20Main%20Street%2C%20Blackwell%2C%20OK,facebook_only,yes,batch4,Facebook + roostcafe 127 reviews. bobs-grill-blackwell.edan.io is aggregator (not a company site). OSM was chain-only. Sitka-style web-found.,4006600
Rivoli Barber Shop,shop:hairdresser,124 South Main Street,Blackwell,OK,(580) 363-2732,https://www.google.com/maps/search/?api=1&query=Rivoli%20Barber%20Shop%2C%20124%20South%20Main%20Street%2C%20Blackwell%2C%20OK,no_website,likely,batch4,Directories (Joe Bersche). No company domain. Sitka-style web-found.,4006600
Hair N Things,shop:hairdresser,319 South 7th Street,Blackwell,OK,(580) 363-2440,https://www.google.com/maps/search/?api=1&query=Hair%20N%20Things%2C%20319%20South%207th%20Street%2C%20Blackwell%2C%20OK,no_website,likely,batch4,Directories (Nanci Kincheloe). No company domain. Sitka-style web-found.,4006600
